postal_code,city,state_id,state_name,population,density
82135,Katy,TX,Texas,122814,1220.1
250030,Katy,TX,Texas,114989,582.3
80431,Corona,NY,New York,112425,16141.4
80692,El Paso,TX,Texas,112355,1610.6
83036,Chicago,IL,Illinois,111850,6466.2
82055,Los Angeles,CA,California,109414,9359.3
82310,Houston,TX,Texas,107700,1198.4
82732,Ridgewood,NY,New York,106717,10527.6
80039,Norwalk,CA,California,105886,4154.1
80095,Pacoima,CA,California,105799,4522.3
80291,Bronx,NY,New York,103732,16045.2
81189,Frisco,TX,Texas,102646,560.3
81635,Brooklyn,NY,New York,102624,15047.6
82303,Bell Gardens,CA,California,102433,6586.1
82359,Lakewood,NJ,New Jersey,100763,1456.4
82589,Brooklyn,NY,New York,100331,10071.1
83054,Brooklyn,NY,New York,100277,30415.4
251193,Fontana,CA,California,99284,2122.6
252304,Brooklyn,NY,New York,98660,10195.4
81017,Mckinney,TX,Texas,98219,1208.3
80410,Antioch,TN,Tennessee,97819,753.5
81629,Hawthorne,CA,California,96836,5374.7
82114,Long Beach,CA,California,96708,4901.2
82830,Fontana,CA,California,96575,1372.7
250582,San Juan,PR,Puerto Rico,96530,1739.6
259059,Sylmar,CA,California,96487,642.6
82362,Los Angeles,CA,California,96436,6748.4
81653,Pittsburg,CA,California,96081,1088.1
250791,Brooklyn,NY,New York,95666,4572.6
80288,Brooklyn,NY,New York,95643,22037
80850,Grand Prairie,TX,Texas,95516,1313.6
82495,South Gate,CA,California,95103,4989.2
82515,Riverside,CA,California,94512,1090.6
82922,Chicago,IL,Illinois,94395,7114.6
431310,Bronx,NY,New York,94218,32836.8
439076,Elmhurst,NY,New York,93967,25573.8
170157,Brooklyn,NY,New York,92946,15777.5
81923,New York,NY,New York,92805,48594.3
171557,Sugar Land,TX,Texas,92146,871.1
170195,Brownsville,TX,Texas,92108,389
170216,Brooklyn,NY,New York,91972,13494.3
83015,Westminster,CA,California,91376,3463.7
80272,Chicago,IL,Illinois,91039,4744.1
80749,Staten Island,NY,New York,90761,2413.4
430379,Lawrenceville,GA,Georgia,90675,952.3
171827,Chino,CA,California,90582,1441
172305,Chicago,IL,Illinois,90517,7156.5
251370,Santa Ana,CA,California,90340,4529.9
430960,Brooklyn,NY,New York,90036,24025.2
81379,Pflugerville,TX,Texas,89830,584.7
82824,Brooklyn,NY,New York,89075,18125.5
171100,Anaheim,CA,California,88749,4732
430542,Brooklyn,NY,New York,88349,21984.4
80333,Cypress,TX,Texas,88344,729.5
82482,Lawrenceville,GA,Georgia,88040,1254.9
252542,Pearland,TX,Texas,87986,844.7
81607,Chicago,IL,Illinois,87509,8385
82251,La Puente,CA,California,87240,3735.6
82107,Rialto,CA,California,87027,2328.4
170097,League City,TX,Texas,86926,916.9
251109,Dallas,TX,Texas,86896,1135
170160,San Diego,CA,California,86811,829.6
171208,Watsonville,CA,California,86703,233.2
82188,Woodside,NY,New York,86421,13672.9
430923,Chicago,IL,Illinois,85979,6621.1
439044,Chula Vista,CA,California,85365,2736.2
250693,San Francisco,CA,California,85166,9106.1
252430,Bakersfield,CA,California,84809,229.8
430635,Temecula,CA,California,84418,287.9
170062,Bronx,NY,New York,83960,30530.3
170963,Brooklyn,NY,New York,83835,22020.5
171411,Oxnard,CA,California,83782,1089.3
80608,Brooklyn,NY,New York,83615,14307.7
81897,Fresno,CA,California,83179,1534.9
171833,Cicero,IL,Illinois,83147,4266.2
82541,Fresno,CA,California,82920,856.5
82331,Woodbridge,VA,Virginia,82573,1595
170985,San Diego,CA,California,82572,2244.1
171156,Chicago,IL,Illinois,82534,2345.8
82172,Cypress,TX,Texas,82257,334.2
80235,Summerville,SC,South Carolina,81942,190.5
80765,Brooklyn,NY,New York,81789,14659.2
81458,Jurupa Valley,CA,California,81214,933.3
81430,Flushing,NY,New York,80853,19106.8
80351,Hesperia,CA,California,80808,370.5
80636,Caguas,PR,Puerto Rico,80555,817.3
82191,Reseda,CA,California,80524,4373.7
430332,Olathe,KS,Kansas,80489,600.8
431457,El Paso,TX,Texas,80264,1257.8
80734,Mission,TX,Texas,80213,374.6
81000,El Paso,TX,Texas,80143,56.7
89045,Houston,TX,Texas,79996,2650.5
82634,Spring,TX,Texas,79986,1079.9
80121,Cedar Park,TX,Texas,79699,892.6
80174,Bronx,NY,New York,79606,33006.7
80615,New York,NY,New York,79597,36151.2
81593,Chino Hills,CA,California,79298,844.8
431482,San Marcos,TX,Texas,79276,139.6
80919,Sacramento,CA,California,79272,2420.1
80654,Chicago,IL,Illinois,79243,7837.6
81228,Hayward,CA,California,79235,2573.4
82212,Chicago,IL,Illinois,79205,5068.9
430249,Dallas,TX,Texas,79010,1600.5
431114,Albuquerque,NM,New Mexico,78900,115.6
431299,Pasco,WA,Washington,78767,56.7
431378,Bronx,NY,New York,78647,27442.2
170486,Raleigh,NC,North Carolina,78475,593.4
171903,Brooklyn,NY,New York,78128,13613.7
250485,Pharr,TX,Texas,77835,861.2
250931,Milpitas,CA,California,77562,1105.3
170561,Bellflower,CA,California,77529,4841.7
171371,Baldwin Park,CA,California,77342,2200.7
250349,Suwanee,GA,Georgia,77334,585.7
431711,Aurora,IL,Illinois,77190,2642.1
170669,Clarksville,TN,Tennessee,77168,423.8
170059,Palmdale,CA,California,77006,147.5
82943,Brooklyn,NY,New York,76978,18996.1
171175,Folsom,CA,California,76973,1006.9
431573,Porterville,CA,California,76923,65.1
252252,Keller,TX,Texas,76882,1353.9
431325,Nashville,TN,Tennessee,76834,1350.2
250707,Houston,TX,Texas,76831,3883.5
80266,Brooklyn,NY,New York,76819,19194
81022,Charlotte,NC,North Carolina,76811,900.1
172333,Bronx,NY,New York,76756,19848.6
81496,Brooklyn,NY,New York,76527,21202.2
80977,Virginia Beach,VA,Virginia,76495,1690.2
171463,San Antonio,TX,Texas,76177,656.8
82227,Bronx,NY,New York,76078,29444.3
430516,Chicago,IL,Illinois,75995,4033
252311,West Lafayette,IN,Indiana,75899,191.4
170464,Moreno Valley,CA,California,75830,2808.8
179026,Hialeah,FL,Florida,75666,4761.2
171432,Fairfield,CA,California,75635,1238.2
430385,Edinburg,TX,Texas,75569,143.8
252458,Huntington Park,CA,California,75560,7794.8
430141,Atlanta,GA,Georgia,75514,567.9
430786,Brooklyn,NY,New York,75451,13711.2
439060,Hollywood,FL,Florida,75306,2300.5
250411,New York,NY,New York,74993,35781.9
82037,Philadelphia,PA,Pennsylvania,74971,7725.5
81424,Union City,CA,California,74601,1361
250077,Bronx,NY,New York,74554,25699.2
251333,Brooklyn,NY,New York,74508,20331.4
171450,Saint Peters,MO,Missouri,74448,658.4
82726,Anaheim,CA,California,74413,4304.3
170280,Yuma,AZ,Arizona,74382,732.5
80425,Chula Vista,CA,California,74297,2392.3
81957,Waipahu,HI,Hawaii,74262,813.2
171143,New Braunfels,TX,Texas,74172,249
80155,San Francisco,CA,California,74161,11517.2
170792,Toa Baja,PR,Puerto Rico,73891,1806.9
171848,Bronx,NY,New York,73870,10404
81213,Fremont,CA,California,73855,1821.6
431093,Tulare,CA,California,73778,125.7
80305,Katy,TX,Texas,73683,1357.7
81136,Las Vegas,NV,Nevada,73678,3018.9
81332,Hollywood,FL,Florida,73671,2548.4
81944,Dallas,TX,Texas,73606,2252.6
259118,Forest Hills,NY,New York,73488,13340.8
82606,Bakersfield,CA,California,73401,283.1
82384,Salt Lake City,UT,Utah,73078,1538.5
250404,Fort Lauderdale,FL,Florida,73034,2380.1
80057,Lancaster,CA,California,72948,107.8
80673,Aurora,CO,Colorado,72887,1921.1
80689,San Diego,CA,California,72848,4840.2
81075,Beaverton,OR,Oregon,72831,2071
81081,Phoenix,AZ,Arizona,72830,2035.1
81115,Ewa Beach,HI,Hawaii,72799,1418
81252,Los Angeles,CA,California,72741,7204.7
81271,Beaverton,OR,Oregon,72592,966.7
81347,Bronx,NY,New York,72479,13002.9
81803,Lancaster,CA,California,72383,112.8
81960,Pomona,CA,California,72332,2718.6
81995,Simi Valley,CA,California,72061,884.3
251575,Toa Alta,PR,Puerto Rico,71891,1056
80462,Houston,TX,Texas,71878,1667.4
80961,Hollywood,FL,Florida,71763,2148.5
80983,Charlotte,NC,North Carolina,71605,984.4
80581,West Palm Beach,FL,Florida,71587,589.6
82401,Corona,CA,California,71581,1018.9
82877,Las Vegas,NV,Nevada,71573,2468.3
83020,Mansfield,TX,Texas,71555,457.3
430167,Hamilton,OH,Ohio,71451,444
430509,Rancho Cucamonga,CA,California,71422,1784
431401,Bronx,NY,New York,71360,18097.1
431536,El Cajon,CA,California,71321,845.1
81350,Chicago,IL,Illinois,71308,8244.5
170353,Chicago,IL,Illinois,71023,6845.9
170101,Lynwood,CA,California,70936,5571.8
81069,Waukegan,IL,Illinois,70850,1841.6
171096,Panorama City,CA,California,70686,7232.8
252108,Woodbridge,VA,Virginia,70641,1406.6
83008,Miami,FL,Florida,70614,2054.3
170025,Allen,TX,Texas,70597,655.6
172266,Santa Ana,CA,California,70595,6117.3
82248,Cumming,GA,Georgia,70510,358.6
81748,Laredo,TX,Texas,70320,101.3
82917,Passaic,NJ,New Jersey,70199,8591.8
250045,Silver Spring,MD,Maryland,70174,2068.6
81672,Brooklyn,NY,New York,70156,11270.5
81568,Chandler,AZ,Arizona,70066,2103.7
250236,Chicago,IL,Illinois,70052,11207.9
430496,San Diego,CA,California,70039,3066.7
250962,Frisco,TX,Texas,69802,777.5
250273,Corona,CA,California,69720,913.2
252537,Chicago,IL,Illinois,69715,10530.6
250523,Port Saint Lucie,FL,Florida,69685,997.5
171426,Los Angeles,CA,California,69589,6203.7
80826,Missouri City,TX,Texas,69546,663.5
82080,La Habra,CA,California,69502,1878.6
431191,Burleson,TX,Texas,69413,299.1
172057,Mesa,AZ,Arizona,69278,2373.1
80076,San Bernardino,CA,California,69222,348.1
171978,Denver,CO,Colorado,69190,3152.8
252192,Napa,CA,California,69142,72.5
170470,Philadelphia,PA,Pennsylvania,68965,5281.4
171582,Parkville,MD,Maryland,68938,2074.3
172235,Alpharetta,GA,Georgia,68807,976.4
82747,South Jordan,UT,Utah,68803,861.6
251734,Bronx,NY,New York,68796,24312.8
439039,Bay Shore,NY,New York,68773,1417.1
80180,Washington,DC,District of Columbia,68695,4638.6
80924,Yukon,OK,Oklahoma,68676,183
252287,Albuquerque,NM,New Mexico,68676,1122
171479,Stamford,CT,Connecticut,68646,2405.4
80023,Huntington Station,NY,New York,68491,1084.5
80364,Union City,NJ,New Jersey,68484,19840.3
171616,Miami,FL,Florida,68402,1648.1
81311,Glendale,AZ,Arizona,68300,2505.5
170314,Philadelphia,PA,Pennsylvania,68263,5040.8
252043,Bend,OR,Oregon,68204,33.6
430154,North Las Vegas,NV,Nevada,68201,2462.1
82205,Murrieta,CA,California,68128,1029.1
80193,Fremont,CA,California,68111,1433.3
82819,Ypsilanti,MI,Michigan,68102,563
80109,Chicago,IL,Illinois,68096,3935.6
80253,Vacaville,CA,California,68069,577.6
431444,Aurora,CO,Colorado,67959,1683.8
81846,Duluth,GA,Georgia,67959,1051
82956,Dallas,TX,Texas,67848,2459
171390,Brooklyn,NY,New York,67809,12527.1
250729,Redmond,WA,Washington,67779,1121.9
81265,Tampa,FL,Florida,67730,626.2
82649,Powder Springs,GA,Georgia,67688,458.9
82750,South San Francisco,CA,California,67597,2388.1
430477,Stockbridge,GA,Georgia,67533,363.8
80771,Lewisville,TX,Texas,67487,1771.3
80543,Portland,OR,Oregon,67339,1092.9
81574,San Jose,CA,California,67186,2900.3
80945,Far Rockaway,NY,New York,67094,8420.2
431634,Anaheim,CA,California,67053,3818.3
80667,Brooklyn,NY,New York,67040,14583.6
82325,Antioch,CA,California,66933,1472.4
81056,Hanford,CA,California,66800,95.9
252173,Chicago,IL,Illinois,66724,2553
171236,Parker,CO,Colorado,66679,377.7
250501,North Hills,CA,California,66590,3935.6
250680,Wake Forest,NC,North Carolina,66583,195.8
251581,Cumming,GA,Georgia,66531,345.8
252056,Laguna Niguel,CA,California,66406,1463.7
171621,Brooklyn,NY,New York,66295,22579.4
252326,Hialeah,FL,Florida,66272,4201.1
83041,Los Angeles,CA,California,66245,6401
80569,Douglasville,GA,Georgia,66134,285.5
82845,Glendale,AZ,Arizona,66057,1444
81831,Hayward,CA,California,66056,3204.8
82074,Marietta,GA,Georgia,66053,928.7
82861,Laredo,TX,Texas,65982,29.2
250788,Humble,TX,Texas,65967,1191.1
252206,Loganville,GA,Georgia,65959,262.4
81154,Los Angeles,CA,California,65890,5919.7
430748,Weslaco,TX,Texas,65885,415.3
430056,Queen Creek,AZ,Arizona,65881,265.7
430108,San Diego,CA,California,65853,3479.1
431613,Jamaica,NY,New York,65791,6985.1
431704,Phoenix,AZ,Arizona,65759,3359
251641,Elk Grove,CA,California,65742,544.1
252402,Clearfield,UT,Utah,65730,1140.5
82785,San Jose,CA,California,65686,1821.8
80811,Orlando,FL,Florida,65665,1046.6
82346,Leander,TX,Texas,65654,135.3
172095,Chesapeake,VA,Virginia,65603,155.1
81516,Grove City,OH,Ohio,65442,378.8
170736,Lilburn,GA,Georgia,65420,830.7
81537,Bayamon,PR,Puerto Rico,65355,1156.6
430430,Indio,CA,California,65347,1053.8
81542,Roseville,CA,California,65335,428.5
170950,Bayonne,NJ,New Jersey,65300,4161.2
81192,Tempe,AZ,Arizona,65283,1657.6
80752,Salinas,CA,California,65256,1755.7
170502,Philadelphia,PA,Pennsylvania,65247,7870.6
172214,Oviedo,FL,Florida,65151,555.8
170643,Hendersonville,TN,Tennessee,65123,385.3
170773,Los Angeles,CA,California,65016,8475
250156,Washington,DC,District of Columbia,64895,3852.6
250498,Daly City,CA,California,64887,4090.5
259139,Spring Valley,NY,New York,64882,2057.8
81445,Winter Garden,FL,Florida,64723,257.5
250143,New York,NY,New York,64548,26528.8
250100,Jersey City,NJ,New Jersey,64535,4018.3
252000,Lancaster,PA,Pennsylvania,64494,802.8
252265,Atlanta,GA,Georgia,64492,564.5
170366,Ithaca,NY,New York,64484,195.8
81509,Bothell,WA,Washington,64417,1289.5
81786,San Pablo,CA,California,64410,2773.3
171334,Las Vegas,NV,Nevada,64340,2684.6
81939,New York,NY,New York,64264,33808.6
172060,Alpharetta,GA,Georgia,64232,356.8
171523,Ashburn,VA,Virginia,64197,1049.9
82969,Gaithersburg,MD,Maryland,64126,1100.4
431233,Murrieta,CA,California,64116,219.1
82858,Stockton,CA,California,64034,173.1
81234,West New York,NJ,New Jersey,63913,19799.9
430075,Los Angeles,CA,California,63911,5186.6
431037,Elk Grove,CA,California,63894,1812.8
81108,Olathe,KS,Kansas,63884,335.9
80137,Gilroy,CA,California,63852,141.9
82418,Alameda,CA,California,63843,2935.3
250292,Virginia Beach,VA,Virginia,63659,2054.6
80060,El Monte,CA,California,63572,5134
80832,Berwyn,IL,Illinois,63554,4649.3
81976,Mcallen,TX,Texas,63554,1541.1
82457,Greensboro,NC,North Carolina,63465,313.8
82665,Rosemead,CA,California,63425,3732.9
430311,Concord,NC,North Carolina,63423,311.8
81878,Spring Valley,CA,California,63393,2332.5
82009,Pico Rivera,CA,California,63380,3135.2
82068,Elyria,OH,Ohio,63318,519.6
81141,Chicago,IL,Illinois,63218,7099.1
81173,Costa Mesa,CA,California,63212,3725.5
81249,Montebello,CA,California,63177,2844.3
81290,Woodstock,GA,Georgia,63171,459.8
81477,Garland,TX,Texas,63153,1465.4
81691,College Station,TX,Texas,63078,128
81918,Brentwood,NY,New York,63054,2150.3
82763,Toms River,NJ,New Jersey,63026,1064.9
172076,Phoenix,AZ,Arizona,62992,2069.8
251207,Brentwood,CA,California,62991,278.1
251811,Ogden,UT,Utah,62937,233.6
80863,Brockton,MA,Massachusetts,62929,1893.5
82021,Medina,OH,Ohio,62916,179.8
170237,Brooklyn,NY,New York,62823,14028.1
80594,Austin,TX,Texas,62771,1607.4
250946,Huntington Beach,CA,California,62718,2852.4
80446,National City,CA,California,62639,3059.5
81640,Washington,DC,District of Columbia,62625,3352.3
430022,Charlotte,NC,North Carolina,62533,677.7
430206,Phoenix,AZ,Arizona,62491,1336.6
81363,Mesquite,TX,Texas,62452,1776.4
81810,New York,NY,New York,62435,48060.9
170335,Cupertino,CA,California,62430,864.3
171609,Broken Arrow,OK,Oklahoma,62429,896.8
250997,Brownsville,TX,Texas,62414,627.8
252445,Fort Lauderdale,FL,Florida,62405,3363.9
171030,San Jose,CA,California,62392,4166.3
171864,Lehi,UT,Utah,62382,607.7
172137,Azusa,CA,California,62348,136.1
80898,Crown Point,IN,Indiana,62274,267.2
250117,Albuquerque,NM,New Mexico,62226,582.5
170268,Round Rock,TX,Texas,62183,1232.9
171365,Hilliard,OH,Ohio,62169,594.7
430901,Wasilla,AK,Alaska,62135,40.4
431690,San Francisco,CA,California,62131,9146.8
82508,San Antonio,TX,Texas,62126,2073
430862,Jamaica,NY,New York,62053,10923.4
431726,Lake Worth,FL,Florida,62043,1929.8
170448,Mission,TX,Texas,62040,374.6
170715,North Bergen,NJ,New Jersey,61970,4518.5
81614,Newark,OH,Ohio,61904,204
430957,Carmichael,CA,California,61860,1763.3
172082,San Pedro,CA,California,61850,2515.4
171289,Jacksonville,FL,Florida,61846,213.4
250138,Jackson Heights,NY,New York,61844,34729.8
430136,Houston,TX,Texas,61818,2971.8
250479,Las Vegas,NV,Nevada,61811,908.7
80229,Hagerstown,MD,Maryland,61803,342
80996,Highland,CA,California,61751,832.7
80168,Staten Island,NY,New York,61741,3020.2
81751,Round Lake,IL,Illinois,61706,1132.5
251253,Los Angeles,CA,California,61698,11903.1
172018,Tustin,CA,California,61660,3187.8
171498,Los Angeles,CA,California,61586,7876.3
82378,Taylor,MI,Michigan,61574,1032.6
250674,Westerville,OH,Ohio,61572,876.2
171117,Orlando,FL,Florida,61550,712.3
170741,Philadelphia,PA,Pennsylvania,61509,6677.8
80500,Jacksonville,FL,Florida,61496,1131.9
81038,Chicago,IL,Illinois,61495,3237.2
430094,Miami,FL,Florida,61492,5209.5
80018,Richmond,KY,Kentucky,61474,78.9
82704,Garland,TX,Texas,61440,1541
82798,Pompano Beach,FL,Florida,61397,1954.1
250387,Bowling Green,KY,Kentucky,61396,75.9
,Malden,MA,Massachusetts,61354,4553.7
80082,New Castle,DE,Delaware,61324,616.5
80403,Lake Forest,CA,California,61304,2398.1
81555,Wellington,FL,Florida,61301,743.3
81727,Lancaster,OH,Ohio,61259,142.1
82140,Chicago,IL,Illinois,61258,4092.5
82520,San Bernardino,CA,California,61216,787.2
82613,Ontario,CA,California,61124,754
83073,San Jose,CA,California,61060,3045
250621,Germantown,MD,Maryland,61045,1040.1
81120,Little Elm,TX,Texas,61043,491.4
80370,Santa Ana,CA,California,61026,4590.7
80538,Buckeye,AZ,Arizona,60999,54.1
80728,San Antonio,TX,Texas,60967,2207.4
80885,Perris,CA,California,60944,213.1
81580,Milwaukee,WI,Wisconsin,60938,4157.3
82444,Orlando,FL,Florida,60781,1548.9
82628,Jacksonville,FL,Florida,60712,938.2
82981,Ontario,CA,California,60699,1580
82975,Clermont,FL,Florida,60564,477.5
250220,Mentor,OH,Ohio,60476,586
250352,Pasadena,MD,Maryland,60461,747.8
430120,Salinas,CA,California,60408,2534.8
431264,Bristol,CT,Connecticut,60308,884.1
82592,Arecibo,PR,Puerto Rico,60303,382.8
172155,Fort Worth,TX,Texas,60286,343.9
250122,Sacramento,CA,California,60270,1813.3
170890,New York,NY,New York,60254,33563.2
171655,Bakersfield,CA,California,60238,1440
171693,Hollywood,FL,Florida,60191,1666.1
171812,Las Vegas,NV,Nevada,60138,2040.1
171851,Huntersville,NC,North Carolina,60107,315.5
171637,San Antonio,TX,Texas,60107,1258.3
89058,Lexington,SC,South Carolina,60081,279.4
171642,Fort Worth,TX,Texas,60061,1566.5
171805,Goose Creek,SC,South Carolina,60033,354.2
171931,College Station,TX,Texas,59971,1936
172180,Medford,MA,Massachusetts,59793,2731
80327,Oxnard,CA,California,59755,1635.9
83067,El Paso,TX,Texas,59729,1862.7
89024,Baytown,TX,Texas,59722,460.6
251771,Virginia Beach,VA,Virginia,59699,773.8
251351,Greenville,NC,North Carolina,59652,357.5
81982,Des Plaines,IL,Illinois,59637,2169.2
430287,Philadelphia,PA,Pennsylvania,59633,8745.7
82690,Bronx,NY,New York,59609,10563.9
170340,New York,NY,New York,59607,34923.5
171181,Annandale,VA,Virginia,59586,1737
82476,Riverside,CA,California,59556,887
170904,San Antonio,TX,Texas,59508,1296
171501,Bronx,NY,New York,59505,16860.9
170656,San Antonio,TX,Texas,59502,1741.8
82423,Honolulu,HI,Hawaii,59482,1702.8
250426,Fairfax,VA,Virginia,59466,1126.3
251386,Colton,CA,California,59409,734.6
251039,Oklahoma City,OK,Oklahoma,59401,922.3
251348,Los Angeles,CA,California,59394,4336.8
171788,Bakersfield,CA,California,59378,2123.8
170638,Virginia Beach,VA,Virginia,59324,1547.9
431785,Yonkers,NY,New York,59312,5772.9
80847,Jamaica,NY,New York,59296,13561
82687,New York,NY,New York,59256,50118.8
431384,The Colony,TX,Texas,59211,731.4
81419,Meridian,ID,Idaho,59191,660
172207,Plymouth,MA,Massachusetts,59133,227.5
171595,Albuquerque,NM,New Mexico,59129,237.6
82093,Spring,TX,Texas,59093,888
170209,Austin,TX,Texas,59085,1751.3
252332,Smyrna,TN,Tennessee,59055,330.9
251752,Modesto,CA,California,59028,2375.1
250334,Columbia,TN,Tennessee,59009,70
252555,New York,NY,New York,59001,26672.3
170583,Long Beach,CA,California,59000,7087.2
250851,Dallas,TX,Texas,58995,1864.3
80497,Los Angeles,CA,California,58975,6295.8
